Мария	аипикуптукпрук
Виктор	переунруекиукепи
Виктор	переунруекиукепи
Анна	ице
Анна	ице
Анна	ице
Анна	ице
Анна	ице
Анна	ице
fregwe	efewf
fregwe	efewf
fregwe	efewf
fregwe	efewf
fregwe	efewf
fregwe	efewf
fregwe	efewf
уауц	укауцка
уауц	укауцка
уауц	укауцка
уауц	укауцка
уауц	укауцка
REFER	DFSRFWR
REFER	DFSRFWR
REFER	DFSRFWR
REFER	DFSRFWR
415354	komjmj
415354	komjmj
415354	komjmj
ghbsfvs	sgrtb
